<?xml version="1.0" encoding="UTF-8"?>
<!DOCTYPE mapper PUBLIC "-//mybatis.org//DTD Mapper 3.0//EN" "http://mybatis.org/dtd/mybatis-3-mapper.dtd">
<mapper namespace="com.zz.project.provide.projectdeclare.mapper.ProjectDeclareMapper">


    <!-- 通用查询结果列 -->
    <sql id="Base_Column_List">
        sid,
        djr,
        djsj,
        gxr,
        gxsj,
        scbj,
        pxbj,
        bz,
        tzzd,
        declare_type_dic_codes, declare_level_dic_codes, project_typel_dic_codes, declare_online, declare_title, declare_content, declare_content_attachment, declare_stime, declare_etime
    </sql>

    <select id="getProjectDeclareById" resultType="com.zz.project.provide.projectdeclare.entity.ProjectDeclare">
        select
        <include refid="Base_Column_List"/>
        from zz_project_declare where sid = #{id} and scbj=0
    </select>

    <select id="getProjectDeclarePageList" parameterType="com.zz.project.provide.projectdeclare.param.ProjectDeclarePageParam" resultType="com.zz.project.provide.projectdeclare.entity.ProjectDeclare">
        select
        <include refid="Base_Column_List"/>
        from zz_project_declare


<where>
            1=1
            and scbj = 0
            <if test="param.beginDate != null and param.beginDate != ''">
                and to_char( #{params.timeColume} , 'yyyy-mm-dd') &gt;= #{params.startTime}
            </if>
            <if test="param.endDate != null and param.endDate != ''">
                and to_char( #{params.timeColume} , 'yyyy-mm-dd') <= #{params.endTime}
            </if>
            <if test="param.declareTypeDicCodes != null       and param.declareTypeDicCodes != ''">
                and string_to_array(  declare_type_dic_codes , ',' ) @> ARRAY [ #{param.declareTypeDicCodes} ]
            </if>
            <if test="param.declareLevelDicCodes != null       and param.declareLevelDicCodes != ''">
                and string_to_array(  declare_level_dic_codes , ',' ) @> ARRAY [ #{param.declareLevelDicCodes} ]
            </if>
            <if test="param.projectTypelDicCodes != null       and param.projectTypelDicCodes != ''">
                and string_to_array(  project_typel_dic_codes , ',' ) @> ARRAY [ #{param.projectTypelDicCodes} ]
            </if>
            <if test="param.declareOnline != null   ">
                and  declare_online = #{param.declareOnline}
            </if>
            <if test="param.declareTitle != null       and param.declareTitle != ''">
                and  declare_title like '%' || #{param.declareTitle} || '%'
            </if>
            <if test="param.declareContent != null       and param.declareContent != ''">
                and  declare_content like '%' || #{param.declareContent} || '%'
            </if>
            <if test="param.declareContentAttachment != null       and param.declareContentAttachment != ''">
                and  declare_content_attachment = #{param.declareContentAttachment}
            </if>
</where>
    </select>

</mapper>
